t, t*, dt, mgp.i, mgu.i, grid->tn, perf.t, perf.speed
0, 0, 1, 0, 0, 492136, 0, 0
3.84615e-06, 0.000424403, 3.84615e-06, 9, 2, 281212, 12.3139, 22837
1.11708e-05, 0.00123264, 7.32466e-06, 6, 2, 286140, 16.9085, 33554.3
1.24327e-05, 0.00137188, 1.26188e-06, 4, 1, 292356, 20.6568, 41618.7
1.36984e-05, 0.00151155, 1.26571e-06, 4, 1, 292895, 24.5352, 46977.6
1.49711e-05, 0.00165198, 1.27265e-06, 3, 1, 292916, 27.9957, 51633.6
1.62544e-05, 0.00179359, 1.28339e-06, 3, 1, 293168, 31.4615, 55264
1.75488e-05, 0.00193642, 1.2944e-06, 3, 1, 292958, 35.0479, 57967.7
1.88569e-05, 0.00208076, 1.30806e-06, 2, 1, 293049, 38.2235, 60818.4
2.01784e-05, 0.00222658, 1.32152e-06, 2, 1, 293077, 41.2294, 63492.7
2.15133e-05, 0.00237389, 1.33491e-06, 2, 1, 293077, 43.946, 66236.9
2.2863e-05, 0.00252281, 1.34964e-06, 2, 1, 293217, 46.8047, 68456.1
2.42294e-05, 0.00267358, 1.36639e-06, 2, 1, 293469, 49.8332, 70184.9
2.56115e-05, 0.00282609, 1.38211e-06, 2, 1, 293476, 53.0248, 71495
2.70146e-05, 0.00298092, 1.40311e-06, 2, 1, 293581, 56.1505, 72743.6
2.84392e-05, 0.00313811, 1.42458e-06, 2, 1, 293693, 58.9637, 74253.9
2.98849e-05, 0.00329765, 1.44578e-06, 3, 1, 293588, 62.5553, 74683.8
3.1357e-05, 0.00346009, 1.4721e-06, 3, 1, 293931, 66.3577, 74833.8
3.28588e-05, 0.0036258, 1.50177e-06, 2, 1, 294267, 69.8768, 75276.3
3.43891e-05, 0.00379466, 1.53029e-06, 3, 1, 294673, 73.8951, 75170.7
3.59516e-05, 0.00396707, 1.56248e-06, 2, 1, 294988, 77.33, 75646.4
3.75503e-05, 0.00414348, 1.59875e-06, 2, 1, 295394, 80.6804, 76166.3
3.91871e-05, 0.0043241, 1.63682e-06, 2, 1, 295261, 83.865, 76794.7
4.0861e-05, 0.0045088, 1.67389e-06, 2, 1, 295121, 87.1014, 77329.5
4.25738e-05, 0.0046978, 1.71275e-06, 2, 1, 295352, 90.3737, 77797.6
4.43241e-05, 0.00489094, 1.75032e-06, 2, 1, 295464, 93.7247, 78168.5
4.61138e-05, 0.00508841, 1.78966e-06, 3, 1, 296206, 97.1202, 78485.5
4.79446e-05, 0.00529044, 1.83088e-06, 2, 1, 296178, 100.278, 78967.6
4.98151e-05, 0.00549684, 1.87044e-06, 2, 1, 296255, 103.608, 79289.2
5.17231e-05, 0.00570737, 1.908e-06, 3, 1, 296654, 107.046, 79513.8
5.36743e-05, 0.00592268, 1.95119e-06, 2, 1, 296822, 110.192, 79937.4
5.56665e-05, 0.00614251, 1.99226e-06, 3, 1, 297172, 113.616, 80143.9
5.76973e-05, 0.0063666, 2.03082e-06, 3, 1, 297011, 117.169, 80248.3
5.97729e-05, 0.00659563, 2.07556e-06, 2, 1, 298012, 120.476, 80519.3
6.18905e-05, 0.0068293, 2.11763e-06, 2, 1, 297473, 123.732, 80804.3
6.40521e-05, 0.00706781, 2.16154e-06, 2, 1, 298285, 127, 81073.7
6.62595e-05, 0.00731139, 2.20742e-06, 2, 1, 298138, 130.274, 81325.1
6.85095e-05, 0.00755967, 2.24998e-06, 2, 1, 297662, 133.55, 81558.9
7.08038e-05, 0.00781283, 2.29431e-06, 3, 1, 298348, 136.998, 81683.7
7.31443e-05, 0.0080711, 2.34054e-06, 2, 1, 298992, 140.189, 81957.6
7.55331e-05, 0.00833469, 2.3888e-06, 2, 1, 298558, 143.42, 82192.6
7.79659e-05, 0.00860314, 2.43281e-06, 2, 1, 298488, 146.599, 82446.4
8.04512e-05, 0.00887737, 2.48527e-06, 2, 1, 297977, 150.498, 82290.7
8.29844e-05, 0.0091569, 2.53319e-06, 2, 1, 298537, 154.706, 81981.9
8.55675e-05, 0.00944194, 2.58314e-06, 2, 2, 299069, 158.993, 81652.2
8.82028e-05, 0.00973272, 2.63525e-06, 2, 2, 299209, 163.34, 81311
9.08846e-05, 0.0100286, 2.68176e-06, 2, 2, 299538, 167.611, 81026.2
9.36229e-05, 0.0103308, 2.7383e-06, 3, 2, 299510, 171.854, 80768.7
9.64117e-05, 0.0106385, 2.78885e-06, 2, 2, 299384, 175.959, 80585.9
9.92532e-05, 0.0109521, 2.84147e-06, 2, 2, 298964, 180.425, 80248.2
0.000102149, 0.0112717, 2.89629e-06, 2, 2, 299342, 184.06, 80289.8
0.000105103, 0.0115976, 2.95346e-06, 2, 2, 299447, 187.877, 80252.4
0.000108116, 0.01193, 3.01312e-06, 2, 2, 299475, 191.82, 80163.8
0.000111191, 0.0122693, 3.07465e-06, 2, 2, 299496, 195.688, 80109.7
0.00011432, 0.0126147, 3.12961e-06, 2, 2, 299426, 199.91, 79915.8
0.000117506, 0.0129662, 3.1859e-06, 2, 2, 299552, 204.614, 79542.4
0.000120763, 0.0133255, 3.25643e-06, 3, 2, 299762, 209.281, 79201
0.000124081, 0.0136916, 3.31788e-06, 2, 2, 299370, 213.177, 79157.9
0.000127475, 0.0140662, 3.39445e-06, 3, 2, 299244, 217.706, 78885.6
0.000130937, 0.0144483, 3.4624e-06, 3, 2, 299314, 222.196, 78638.7
0.00013447, 0.0148381, 3.53277e-06, 2, 2, 299937, 225.969, 78652.8
0.000138077, 0.015236, 3.60637e-06, 2, 2, 299230, 229.764, 78656.3
0.00014176, 0.0156425, 3.68343e-06, 2, 2, 299615, 233.605, 78645.5
0.000145524, 0.0160578, 3.76421e-06, 2, 2, 299195, 237.327, 78672.7
0.000149373, 0.0164826, 3.84899e-06, 2, 2, 299328, 241.695, 78489.5
0.000153293, 0.0169151, 3.91994e-06, 2, 2, 299286, 246.051, 78316.3
0.000157306, 0.0173579, 4.01283e-06, 2, 2, 299496, 249.803, 78338.9
0.000161416, 0.0178114, 4.11002e-06, 2, 2, 299321, 253.906, 78251.9
0.000165609, 0.0182741, 4.19292e-06, 2, 2, 299230, 257.856, 78213.4
0.000169888, 0.0187462, 4.27893e-06, 2, 2, 299342, 261.749, 78194
0.000174257, 0.0192283, 4.36901e-06, 2, 2, 299440, 265.715, 78153.6
0.00017872, 0.0197209, 4.46348e-06, 2, 2, 299328, 269.648, 78123.9
0.000183282, 0.0202242, 4.56185e-06, 2, 2, 299433, 273.411, 78143.8
0.000187923, 0.0207363, 4.64044e-06, 2, 2, 299391, 277.1, 78183.9
0.000192644, 0.0212573, 4.72138e-06, 2, 2, 299538, 280.835, 78210.8
0.000197478, 0.0217907, 4.83447e-06, 2, 2, 299510, 284.786, 78177.4
0.000202402, 0.022334, 4.92345e-06, 2, 2, 299447, 288.656, 78166.5
0.000207418, 0.0228875, 5.01634e-06, 2, 2, 299566, 292.663, 78120
0.000212532, 0.0234518, 5.11343e-06, 2, 2, 299489, 297.034, 77978.7
0.000217747, 0.0240272, 5.21502e-06, 2, 2, 299552, 300.852, 77984.8
0.000223068, 0.0246144, 5.32145e-06, 3, 2, 299503, 305.475, 77785.1
0.000228501, 0.0252139, 5.43309e-06, 2, 2, 299545, 309.651, 77703.2
0.000234052, 0.0258264, 5.55035e-06, 2, 2, 299552, 313.662, 77664.7
0.000239725, 0.0264524, 5.67369e-06, 2, 2, 299552, 318.134, 77514.6
0.000245529, 0.0270928, 5.80362e-06, 2, 2, 299461, 322.031, 77506.3
0.000251423, 0.0277432, 5.89431e-06, 2, 2, 299468, 325.829, 77522.1
0.00025746, 0.0284094, 6.03691e-06, 2, 2, 299412, 329.479, 77572.1
0.000263648, 0.0290922, 6.18783e-06, 2, 2, 299419, 333.24, 77595.2
0.000269996, 0.0297926, 6.34786e-06, 2, 2, 299461, 336.816, 77660.3
0.000276514, 0.0305119, 6.51789e-06, 3, 2, 299433, 340.748, 77643
0.000283213, 0.031251, 6.69895e-06, 2, 2, 299440, 345.262, 77495.1
0.000290105, 0.0320116, 6.89219e-06, 3, 2, 299405, 350.621, 77164.6
0.000297204, 0.0327949, 7.09895e-06, 3, 2, 299468, 355.88, 76865.7
0.000304525, 0.0336027, 7.32079e-06, 2, 2, 299552, 359.839, 76852.5
0.000312003, 0.0344279, 7.47823e-06, 2, 2, 299629, 363.797, 76840.1
0.000319733, 0.0352809, 7.73031e-06, 2, 2, 299615, 367.744, 76829.9
0.000327643, 0.0361537, 7.91008e-06, 2, 2, 299608, 371.647, 76829.4
0.000335843, 0.0370585, 8.19947e-06, 3, 2, 299622, 376.132, 76709.8
0.00034425, 0.0379862, 8.40706e-06, 3, 2, 299671, 381.908, 76334.4
0.000352878, 0.0389383, 8.62829e-06, 3, 2, 299692, 387.083, 76088
0.000361743, 0.0399164, 8.86469e-06, 3, 2, 299818, 392.289, 75842.5
0.000370861, 0.0409226, 9.11796e-06, 3, 2, 300035, 396.504, 75793.1
0.000380251, 0.0419587, 9.39014e-06, 3, 2, 300147, 400.827, 75724.4
0.000389934, 0.0430272, 9.68358e-06, 3, 2, 300238, 405.191, 75649.7
0.000399774, 0.044113, 9.83977e-06, 3, 2, 300350, 409.692, 75551.7
0.000409947, 0.0452356, 1.01733e-05, 3, 2, 300266, 413.88, 75512.8
0.000420299, 0.0463778, 1.03518e-05, 3, 2, 300350, 418.129, 75463.8
0.000431034, 0.0475624, 1.07352e-05, 3, 2, 300196, 423.14, 75279.5
0.000441976, 0.0487698, 1.09416e-05, 3, 2, 300028, 428.235, 75084.4
0.000453137, 0.0500013, 1.11605e-05, 3, 2, 299972, 432.436, 75048.8
0.000464772, 0.0512852, 1.16354e-05, 4, 2, 299741, 436.863, 74974.4
0.000476666, 0.0525976, 1.1894e-05, 4, 2, 299601, 442.054, 74771.6
0.000488836, 0.0539406, 1.21706e-05, 3, 2, 299454, 447.257, 74571.3
0.000501304, 0.0553163, 1.24674e-05, 3, 2, 298845, 452.65, 74343
0.000514091, 0.0567273, 1.27871e-05, 3, 2, 298180, 457.276, 74243.1
0.000527224, 0.0581764, 1.31327e-05, 3, 2, 297760, 462.063, 74118.4
0.000540732, 0.0596669, 1.35079e-05, 4, 2, 297459, 466.611, 74033.5
0.000554649, 0.0612026, 1.39172e-05, 5, 2, 297305, 471.891, 73835
0.000569015, 0.0627879, 1.43662e-05, 4, 2, 297123, 476.252, 73782.9
0.000583381, 0.0643731, 1.43662e-05, 4, 2, 296801, 480.608, 73731.7
0.00059826, 0.0660149, 1.48792e-05, 5, 2, 296640, 484.906, 73689.9
0.000613712, 0.0677199, 1.54515e-05, 5, 2, 296311, 489.236, 73643.4
0.000629163, 0.0694249, 1.54515e-05, 4, 2, 295793, 493.798, 73562.1
0.000645287, 0.0712041, 1.61233e-05, 4, 2, 295548, 498.317, 73488.1
0.00066141, 0.0729832, 1.61233e-05, 4, 2, 295023, 502.44, 73472.2
0.00067834, 0.0748513, 1.69295e-05, 4, 2, 294575, 506.816, 73419.1
0.000695269, 0.0767193, 1.69295e-05, 3, 2, 294407, 511.2, 73365.3
0.000712199, 0.0785874, 1.69295e-05, 4, 2, 294442, 515.643, 73304.2
0.000729128, 0.0804555, 1.69295e-05, 4, 2, 294344, 520.327, 73210
0.000746058, 0.0823236, 1.69295e-05, 4, 2, 294470, 524.806, 73146.3
0.000764196, 0.0843251, 1.81387e-05, 4, 2, 294379, 529.802, 73012.2
0.000782335, 0.0863266, 1.81387e-05, 4, 2, 294162, 535.159, 72830.9
0.000800474, 0.0883281, 1.81387e-05, 4, 2, 294183, 540.546, 72649.4
0.000818613, 0.0903297, 1.81387e-05, 4, 2, 294211, 544.819, 72619.6
0.000836751, 0.0923312, 1.81387e-05, 5, 2, 294134, 549.613, 72521.4
0.00085489, 0.0943327, 1.81387e-05, 5, 2, 294120, 554.695, 72387.1
0.000873029, 0.0963342, 1.81387e-05, 5, 2, 294190, 559.391, 72305.4
0.000891168, 0.0983357, 1.81387e-05, 5, 2, 294428, 564.511, 72171.2
0.000909306, 0.100337, 1.81387e-05, 5, 2, 294547, 570.132, 71976.2
0.000927445, 0.102339, 1.81387e-05, 5, 2, 294071, 574.649, 71922.3
0.000945584, 0.10434, 1.81387e-05, 5, 2, 294400, 580.008, 71765.3
0.000963723, 0.106342, 1.81387e-05, 5, 2, 294484, 584.497, 71717.9
0.000981861, 0.108343, 1.81387e-05, 4, 2, 294470, 589.191, 71646.3
0.001, 0.110345, 1.81387e-05, 5, 2, 294358, 594.216, 71535.9
0.00102083, 0.112644, 2.08333e-05, 5, 2, 294428, 600.058, 71330.1
0.00104167, 0.114943, 2.08333e-05, 5, 2, 294484, 604.834, 71253.7
0.0010625, 0.117241, 2.08333e-05, 5, 2, 294519, 610.032, 71129.4
0.00108381, 0.119592, 2.13068e-05, 5, 2, 294750, 615.038, 71029.7
0.00110511, 0.121944, 2.13068e-05, 5, 2, 295002, 620.143, 70920.6
0.00112642, 0.124295, 2.13068e-05, 6, 2, 295065, 625.434, 70792.4
0.00114826, 0.126705, 2.18395e-05, 5, 2, 295079, 631.525, 70576.8
0.0011701, 0.129114, 2.18395e-05, 5, 2, 295240, 637.436, 70385.6
0.00119194, 0.131524, 2.18395e-05, 6, 2, 295541, 643.795, 70149.4
0.00121378, 0.133934, 2.18395e-05, 5, 2, 296570, 650.75, 69855.4
0.00123624, 0.136413, 2.24635e-05, 5, 2, 298096, 656.881, 69657.2
0.00125871, 0.138892, 2.24635e-05, 5, 2, 300448, 663.278, 69438.4
0.00128117, 0.14137, 2.24635e-05, 5, 2, 301379, 669.837, 69208.4
0.00130436, 0.143929, 2.31881e-05, 5, 2, 303808, 676.343, 68991.8
0.00132755, 0.146488, 2.31881e-05, 5, 2, 305180, 682.482, 68818.4
0.00135073, 0.149046, 2.31881e-05, 5, 2, 307525, 688.347, 68678.8
0.00137392, 0.151605, 2.31881e-05, 5, 2, 309170, 693.865, 68578.2
0.001398, 0.154262, 2.408e-05, 5, 2, 310171, 699.162, 68502.3
0.00142208, 0.156919, 2.408e-05, 5, 2, 311648, 705.058, 68371.4
0.00144616, 0.159576, 2.408e-05, 5, 2, 312803, 711.599, 68182.6
0.00147024, 0.162233, 2.408e-05, 5, 2, 313580, 717.198, 68087.5
0.00149432, 0.164891, 2.408e-05, 5, 2, 315533, 722.678, 68007.8
0.0015196, 0.167681, 2.52839e-05, 5, 2, 316387, 728.354, 67912.3
0.00154489, 0.17047, 2.52839e-05, 4, 2, 317367, 733.824, 67838.5
0.00157017, 0.17326, 2.52839e-05, 5, 2, 318592, 739.485, 67750
0.00159546, 0.17605, 2.52839e-05, 5, 2, 319579, 745.034, 67674.3
0.00162074, 0.17884, 2.52839e-05, 6, 2, 320881, 750.94, 67569.4
0.00164602, 0.18163, 2.52839e-05, 5, 2, 322652, 756.745, 67477.4
0.00167325, 0.184635, 2.72289e-05, 6, 2, 324045, 762.658, 67379.2
0.00170048, 0.187639, 2.72289e-05, 6, 2, 325256, 768.486, 67291.4
0.00172771, 0.190644, 2.72289e-05, 5, 2, 326999, 774.416, 67198.4
0.00175494, 0.193649, 2.72289e-05, 6, 2, 328021, 780.497, 67095.1
0.00178217, 0.196653, 2.72289e-05, 6, 2, 329729, 786.899, 66968.3
0.0018094, 0.199658, 2.72289e-05, 7, 2, 330870, 793.401, 66836.5
0.00183663, 0.202662, 2.72289e-05, 5, 2, 332438, 798.781, 66802.5
0.00186386, 0.205667, 2.72289e-05, 8, 2, 332830, 804.787, 66717.5
0.00189108, 0.208671, 2.72289e-05, 6, 2, 334447, 810.958, 66622.2
0.00191831, 0.211676, 2.72289e-05, 6, 2, 336120, 817.528, 66498
0.00194554, 0.214681, 2.72289e-05, 5, 2, 337282, 823.76, 66404.3
0.00197277, 0.217685, 2.72289e-05, 5, 2, 339410, 829.615, 66344.9
0.002, 0.22069, 2.72289e-05, 5, 2, 340565, 836.001, 66245.4
0.00203333, 0.224368, 3.33333e-05, 6, 2, 342441, 843.071, 66096
0.00206667, 0.228046, 3.33333e-05, 5, 2, 344058, 849.017, 66038.4
0.00210123, 0.23186, 3.45679e-05, 6, 2, 345360, 855.498, 65941.8
0.0021358, 0.235675, 3.45679e-05, 5, 2, 348482, 861.978, 65850.4
0.00217037, 0.239489, 3.45679e-05, 6, 2, 355853, 869.176, 65714.5
0.00220644, 0.243469, 3.60709e-05, 5, 2, 380199, 876.293, 65614.6
0.00224251, 0.24745, 3.60709e-05, 7, 2, 475000, 884.932, 65510.8
0.00227858, 0.25143, 3.60709e-05, 7, 3, 504876, 896.242, 65247.4
0.00231655, 0.25562, 3.79693e-05, 6, 2, 506402, 906.79, 65046.9
0.00235452, 0.259809, 3.79693e-05, 8, 2, 508642, 918.858, 64746.2
0.00239249, 0.263999, 3.79693e-05, 8, 3, 509524, 931.287, 64429.2
0.00243046, 0.268189, 3.79693e-05, 6, 3, 511022, 942.863, 64180.1
0.00246843, 0.272378, 3.79693e-05, 6, 2, 513479, 953.764, 63984.9
0.0025064, 0.276568, 3.79693e-05, 6, 3, 514858, 965.422, 63745.6
0.00254437, 0.280758, 3.79693e-05, 6, 3, 516412, 977.136, 63509.9
0.00258234, 0.284948, 3.79693e-05, 7, 3, 518421, 989.784, 63222.1
0.00262031, 0.289137, 3.79693e-05, 6, 3, 520437, 1001.63, 62994.1
0.00265828, 0.293327, 3.79693e-05, 6, 3, 521802, 1013.57, 62766.8
0.00269625, 0.297517, 3.79693e-05, 5, 3, 523510, 1024.81, 62589.1
0.00273421, 0.301706, 3.79693e-05, 7, 3, 524840, 1037.42, 62334.2
0.00277218, 0.305896, 3.79693e-05, 7, 3, 526324, 1050.17, 62078.6
0.00281015, 0.310086, 3.79693e-05, 6, 3, 527304, 1062.38, 61861.6
0.00284812, 0.314276, 3.79693e-05, 6, 3, 528991, 1075.34, 61607.7
0.00288609, 0.318465, 3.79693e-05, 6, 3, 530706, 1086.77, 61448.4
0.00292406, 0.322655, 3.79693e-05, 6, 3, 532015, 1098.1, 61298.8
0.00296203, 0.326845, 3.79693e-05, 7, 3, 533583, 1109.93, 61126.3
0.003, 0.331034, 3.79693e-05, 7, 3, 535102, 1121.94, 60948.8
0.00304, 0.335448, 4e-05, 7, 3, 536775, 1134.62, 60740.5
0.00308, 0.339862, 4e-05, 6, 3, 538049, 1146.14, 60599.8
0.00312, 0.344276, 4e-05, 8, 3, 540002, 1158.08, 60441.3
0.00316, 0.34869, 4e-05, 8, 3, 541878, 1170.13, 60281.6
0.0032, 0.353103, 4e-05, 6, 3, 543334, 1181.79, 60146.9
0.00324, 0.357517, 4e-05, 6, 3, 544636, 1193.52, 60011.9
0.00328, 0.361931, 4e-05, 6, 3, 545721, 1205.29, 59879
0.00332, 0.366345, 4e-05, 6, 3, 547968, 1216.99, 59753.3
0.00336, 0.370759, 4e-05, 6, 3, 548997, 1228.72, 59629.8
0.0034, 0.375172, 4e-05, 5, 3, 549767, 1240.3, 59516.2
0.00344, 0.379586, 4e-05, 7, 3, 550852, 1252.87, 59358.7
0.00348, 0.384, 4e-05, 6, 2, 552490, 1264.83, 59234.2
0.00352, 0.388414, 4e-05, 6, 2, 554051, 1277.01, 59103.3
0.00356, 0.392828, 4e-05, 6, 2, 554709, 1288.24, 59018.6
0.0036, 0.397241, 4e-05, 6, 3, 556319, 1302.43, 58802.5
0.00364, 0.401655, 4e-05, 7, 3, 557642, 1317.58, 58549.8
0.00368, 0.406069, 4e-05, 6, 3, 558965, 1332.84, 58299
0.00372, 0.410483, 4e-05, 6, 2, 560652, 1346.83, 58109.5
0.00376, 0.414897, 4e-05, 6, 2, 561800, 1359.77, 57969.7
0.0038, 0.41931, 4e-05, 6, 3, 563410, 1373.5, 57800.5
0.00384, 0.423724, 4e-05, 6, 3, 565279, 1387.04, 57643.7
0.00388, 0.428138, 4e-05, 7, 3, 566126, 1400.87, 57478.9
0.00392, 0.432552, 4e-05, 5, 2, 567120, 1413.16, 57380.2
0.00396, 0.436966, 4e-05, 6, 2, 568590, 1426.45, 57244
0.004, 0.441379, 4e-05, 7, 3, 569969, 1440.93, 57064.6
0.00404167, 0.445977, 4.16667e-05, 6, 3, 570970, 1456.02, 56865.1
0.00408333, 0.450575, 4.16667e-05, 6, 2, 571705, 1469.03, 56750.9
0.004125, 0.455172, 4.16667e-05, 7, 3, 573518, 1483.5, 56584
0.00416667, 0.45977, 4.16667e-05, 7, 3, 574533, 1498.22, 56411.6
0.00420833, 0.464368, 4.16667e-05, 6, 2, 574974, 1511.32, 56303
0.00425, 0.468966, 4.16667e-05, 7, 3, 576269, 1525.3, 56164.8
0.00429167, 0.473563, 4.16667e-05, 6, 3, 578222, 1539.41, 56025.5
0.00433333, 0.478161, 4.16667e-05, 5, 2, 579272, 1551.66, 55956.5
0.004375, 0.482759, 4.16667e-05, 6, 2, 579839, 1564.85, 55855.5
0.00441667, 0.487356, 4.16667e-05, 7, 3, 581834, 1579.22, 55715.4
0.00445833, 0.491954, 4.16667e-05, 6, 3, 582716, 1593.6, 55578.6
0.0045, 0.496552, 4.16667e-05, 6, 3, 584207, 1607.89, 55447.8
0.00454167, 0.501149, 4.16667e-05, 6, 2, 584942, 1621.11, 55356.4
0.00458333, 0.505747, 4.16667e-05, 6, 3, 586370, 1635.59, 55224.8
0.004625, 0.510345, 4.16667e-05, 6, 3, 587448, 1650.24, 55090.8
0.00466667, 0.514943, 4.16667e-05, 6, 3, 588638, 1664.55, 54970.7
0.00470833, 0.51954, 4.16667e-05, 7, 3, 589821, 1679.6, 54829.4
0.00475, 0.524138, 4.16667e-05, 6, 3, 590703, 1693.92, 54714.6
0.00479167, 0.528736, 4.16667e-05, 6, 3, 592173, 1708.49, 54594.5
0.00483333, 0.533333, 4.16667e-05, 6, 3, 593307, 1722.85, 54483.7
0.004875, 0.537931, 4.16667e-05, 6, 3, 593664, 1737.57, 54363.9
0.00491667, 0.542529, 4.16667e-05, 6, 2, 594644, 1751.04, 54285.3
0.00495833, 0.547126, 4.16667e-05, 6, 3, 596891, 1765.49, 54179
0.005, 0.551724, 4.16667e-05, 6, 3, 598578, 1780.27, 54065.4
0.00504167, 0.556322, 4.16667e-05, 8, 3, 599845, 1796.83, 53901
0.00508333, 0.56092, 4.16667e-05, 7, 3, 600685, 1812.41, 53769.1
0.005125, 0.565517, 4.16667e-05, 6, 3, 602372, 1826.99, 53669.8
0.00516667, 0.570115, 4.16667e-05, 6, 3, 603968, 1841.76, 53567.3
0.00520833, 0.574713, 4.16667e-05, 6, 3, 604815, 1856.17, 53477.2
0.00525, 0.57931, 4.16667e-05, 5, 2, 605704, 1869.49, 53420.2
0.00529167, 0.583908, 4.16667e-05, 6, 2, 606544, 1883.44, 53346.6
0.00533333, 0.588506, 4.16667e-05, 5, 3, 607811, 1897.68, 53266.5
0.005375, 0.593103, 4.16667e-05, 7, 4, 609589, 1913.8, 53136.4
0.00541667, 0.597701, 4.16667e-05, 6, 4, 611332, 1929.95, 53008.5
0.00545833, 0.602299, 4.16667e-05, 6, 3, 611297, 1945.08, 52910.6
0.0055, 0.606897, 4.16667e-05, 7, 2, 612095, 1965.21, 52679.9
0.00554167, 0.611494, 4.16667e-05, 7, 2, 612851, 1978.45, 52637.2
0.00558333, 0.616092, 4.16667e-05, 8, 3, 614335, 1992.03, 52586.8
0.005625, 0.62069, 4.16667e-05, 7, 3, 615448, 2005.75, 52533.8
0.00566667, 0.625287, 4.16667e-05, 6, 3, 616715, 2018.98, 52495
0.00570833, 0.629885, 4.16667e-05, 7, 2, 617975, 2031.37, 52479
0.00575, 0.634483, 4.16667e-05, 6, 3, 619207, 2044.68, 52440.3
0.00579167, 0.63908, 4.16667e-05, 7, 4, 620075, 2059.5, 52364
0.00583333, 0.643678, 4.16667e-05, 8, 4, 620726, 2074.34, 52288.7
0.005875, 0.648276, 4.16667e-05, 7, 3, 622231, 2088.16, 52240.7
0.00591667, 0.652874, 4.16667e-05, 7, 2, 622609, 2101.04, 52216.8
0.00595833, 0.657471, 4.16667e-05, 7, 2, 623211, 2113.97, 52192.3
0.006, 0.662069, 4.16667e-05, 8, 2, 624387, 2127.49, 52153.9
0.00604167, 0.666667, 4.16667e-05, 7, 3, 625535, 2142.53, 52079.9
0.00608333, 0.671264, 4.16667e-05, 7, 3, 631870, 2156.66, 52031.5
0.006125, 0.675862, 4.16667e-05, 7, 2, 633977, 2169.97, 52004.7
0.00616667, 0.68046, 4.16667e-05, 6, 2, 635363, 2182.52, 51996.8
0.00620833, 0.685057, 4.16667e-05, 7, 3, 636784, 2196.75, 51949.8
0.00625, 0.689655, 4.16667e-05, 6, 3, 637596, 2210.49, 51915.3
0.00629167, 0.694253, 4.16667e-05, 7, 3, 639122, 2224.92, 51865.9
0.00633333, 0.698851, 4.16667e-05, 7, 3, 640130, 2239.32, 51818.2
0.006375, 0.703448, 4.16667e-05, 9, 3, 640641, 2254.48, 51753.8
0.00641667, 0.708046, 4.16667e-05, 10, 2, 641481, 2269.3, 51698.6
0.00645833, 0.712644, 4.16667e-05, 7, 2, 643308, 2282.99, 51670.3
0.0065, 0.717241, 4.16667e-05, 6, 3, 645877, 2296.81, 51640.5
0.00654167, 0.721839, 4.16667e-05, 7, 2, 646941, 2310.4, 51616.8
0.00658333, 0.726437, 4.16667e-05, 6, 2, 647704, 2323.52, 51604.1
0.006625, 0.731034, 4.16667e-05, 8, 2, 648089, 2337.93, 51563.3
0.00666667, 0.735632, 4.16667e-05, 6, 2, 649111, 2351.52, 51541.4
0.00670833, 0.74023, 4.16667e-05, 6, 2, 649650, 2365.08, 51520.5
0.00675, 0.744828, 4.16667e-05, 5, 2, 650665, 2377.92, 51516
0.00679167, 0.749425, 4.16667e-05, 6, 2, 651666, 2390.86, 51509.8
0.00683333, 0.754023, 4.16667e-05, 6, 2, 652688, 2403.9, 51501.8
0.006875, 0.758621, 4.16667e-05, 6, 2, 653129, 2416.98, 51493.4
0.00691667, 0.763218, 4.16667e-05, 7, 2, 653689, 2430.65, 51472.7
0.00695833, 0.767816, 4.16667e-05, 7, 2, 654445, 2444.47, 51449.4
0.007, 0.772414, 4.16667e-05, 6, 2, 655257, 2458.19, 51428.8
0.00704167, 0.777011, 4.16667e-05, 8, 2, 655845, 2474.11, 51362.9
0.00708333, 0.781609, 4.16667e-05, 7, 2, 656727, 2488.74, 51324.8
0.007125, 0.786207, 4.16667e-05, 7, 2, 657301, 2503.33, 51288.4
0.00716667, 0.790805, 4.16667e-05, 8, 2, 658050, 2518.07, 51249.4
0.00720833, 0.795402, 4.16667e-05, 7, 2, 658953, 2532.08, 51226
0.00725, 0.8, 4.16667e-05, 6, 2, 660290, 2545.31, 51219.3
0.00729167, 0.804598, 4.16667e-05, 6, 2, 660857, 2558.55, 51212.5
0.00733333, 0.809195, 4.16667e-05, 6, 2, 661487, 2571.82, 51205.5
0.007375, 0.813793, 4.16667e-05, 5, 2, 665211, 2584.52, 51211.2
0.00741667, 0.818391, 4.16667e-05, 7, 2, 667535, 2597.97, 51203.1
0.00745833, 0.822989, 4.16667e-05, 7, 2, 668774, 2611.5, 51193.9
0.0075, 0.827586, 4.16667e-05, 5, 2, 669670, 2624.33, 51198.7
0.00754167, 0.832184, 4.16667e-05, 5, 2, 670622, 2637.18, 51203.6
0.00758333, 0.836782, 4.16667e-05, 5, 2, 672316, 2649.94, 51210.7
0.007625, 0.841379, 4.16667e-05, 6, 2, 673100, 2663.43, 51204.1
0.00766667, 0.845977, 4.16667e-05, 6, 2, 674248, 2677.03, 51195.9
0.0077037, 0.850064, 3.7037e-05, 7, 2, 674598, 2691.8, 51165.5
0.00774074, 0.854151, 3.7037e-05, 6, 2, 675480, 2706.11, 51144.6
0.00777778, 0.858238, 3.7037e-05, 6, 2, 676285, 2719.79, 51135.9
0.00781481, 0.862324, 3.7037e-05, 5, 2, 676873, 2732.52, 51145.5
0.00785185, 0.866411, 3.7037e-05, 5, 2, 677545, 2745.53, 51149.9
0.00788889, 0.870498, 3.7037e-05, 5, 2, 678847, 2758.49, 51155.7
0.00792593, 0.874585, 3.7037e-05, 5, 2, 679596, 2771.48, 51161.1
0.00796296, 0.878672, 3.7037e-05, 6, 2, 680492, 2785.13, 51154.7
0.008, 0.882759, 3.7037e-05, 6, 2, 681409, 2799.05, 51143.8
0.00804167, 0.887356, 4.16667e-05, 6, 2, 682193, 2814.32, 51108.6
0.00808333, 0.891954, 4.16667e-05, 6, 2, 683131, 2828.26, 51098.2
0.008125, 0.896552, 4.16667e-05, 7, 2, 684083, 2842.82, 51077.1
0.00816667, 0.901149, 4.16667e-05, 7, 2, 684860, 2857.4, 51056.2
0.00820833, 0.905747, 4.16667e-05, 7, 2, 685868, 2872.4, 51028.3
0.00825, 0.910345, 4.16667e-05, 6, 2, 688605, 2886.29, 51021.3
0.00829167, 0.914943, 4.16667e-05, 8, 2, 689893, 2901.35, 50994.3
0.00833333, 0.91954, 4.16667e-05, 7, 2, 690565, 2916.05, 50974.1
0.008375, 0.924138, 4.16667e-05, 7, 2, 691559, 2930.91, 50951.6
0.00841667, 0.928736, 4.16667e-05, 8, 2, 692287, 2945.69, 50931
0.00845833, 0.933333, 4.16667e-05, 7, 2, 693253, 2960.6, 50908.6
0.0085, 0.937931, 4.16667e-05, 7, 3, 694212, 2976.55, 50869.1
0.00854167, 0.942529, 4.16667e-05, 7, 3, 694716, 2993, 50821.6
0.00858333, 0.947126, 4.16667e-05, 7, 2, 696018, 3008.05, 50798.7
0.008625, 0.951724, 4.16667e-05, 8, 3, 696802, 3024.15, 50758.7
0.00866667, 0.956322, 4.16667e-05, 7, 3, 696984, 3040.09, 50721.8
0.00870833, 0.96092, 4.16667e-05, 7, 2, 697950, 3054.34, 50713.7
0.00875, 0.965517, 4.16667e-05, 6, 3, 698769, 3069.7, 50687.5
0.00879167, 0.970115, 4.16667e-05, 6, 3, 699441, 3084.98, 50663.2
0.00883333, 0.974713, 4.16667e-05, 6, 3, 700435, 3100.37, 50637.7
0.008875, 0.97931, 4.16667e-05, 6, 3, 701303, 3115.78, 50612.3
0.00891667, 0.983908, 4.16667e-05, 6, 2, 702402, 3130.22, 50603.1
0.00895833, 0.988506, 4.16667e-05, 6, 3, 707323, 3145.85, 50576.6
0.009, 0.993103, 4.16667e-05, 8, 3, 708135, 3162.33, 50537
0.00904167, 0.997701, 4.16667e-05, 10, 2, 709423, 3180.02, 50479
0.00908333, 1.0023, 4.16667e-05, 9, 3, 710424, 3197.05, 50432.3
0.009125, 1.0069, 4.16667e-05, 6, 3, 711173, 3212.74, 50407.4
0.00916667, 1.01149, 4.16667e-05, 5, 3, 712272, 3227.85, 50392
0.00920833, 1.01609, 4.16667e-05, 6, 3, 712867, 3243.57, 50367.6
0.00925, 1.02069, 4.16667e-05, 6, 3, 715128, 3259.34, 50343.3
0.00929167, 1.02529, 4.16667e-05, 6, 3, 716052, 3275.21, 50318
0.00933333, 1.02989, 4.16667e-05, 6, 3, 717165, 3291.21, 50291.2
0.009375, 1.03448, 4.16667e-05, 6, 3, 717984, 3307.43, 50261.7
0.00941667, 1.03908, 4.16667e-05, 6, 3, 719370, 3323.8, 50230.7
0.00945833, 1.04368, 4.16667e-05, 6, 3, 720322, 3340.11, 50201
0.0095, 1.04828, 4.16667e-05, 6, 3, 721218, 3356.37, 50172.6
0.00954167, 1.05287, 4.16667e-05, 6, 3, 722184, 3372.46, 50147.4
0.00958333, 1.05747, 4.16667e-05, 6, 3, 723073, 3388.57, 50122.5
0.009625, 1.06207, 4.16667e-05, 5, 3, 723962, 3404.03, 50107.4
0.00966667, 1.06667, 4.16667e-05, 5, 3, 726881, 3419.67, 50090.8
0.00970833, 1.07126, 4.16667e-05, 6, 3, 728540, 3436.06, 50064
0.00975, 1.07586, 4.16667e-05, 5, 3, 729296, 3452.17, 50041.5
0.00979167, 1.08046, 4.16667e-05, 6, 3, 730752, 3468.6, 50015.2
0.00983333, 1.08506, 4.16667e-05, 6, 3, 731914, 3484.62, 49995.3
0.009875, 1.08966, 4.16667e-05, 7, 3, 732824, 3501.37, 49965.4
0.00991667, 1.09425, 4.16667e-05, 7, 3, 733699, 3518.05, 49937
0.00995833, 1.09885, 4.16667e-05, 7, 3, 734119, 3535.43, 49899.3
0.01, 1.10345, 4.16667e-05, 7, 3, 736331, 3552.75, 49863.2
0.0100417, 1.10805, 4.16667e-05, 6, 3, 737745, 3570.83, 49817.3
0.0100833, 1.11264, 4.16667e-05, 6, 3, 739271, 3587.95, 49785.6
0.010125, 1.11724, 4.16667e-05, 5, 3, 739453, 3604.2, 49766.5
0.0101667, 1.12184, 4.16667e-05, 5, 3, 742085, 3620.42, 49748.5
0.0102083, 1.12644, 4.16667e-05, 6, 3, 743597, 3637.05, 49725.5
0.01025, 1.13103, 4.16667e-05, 6, 3, 744885, 3653.66, 49703.2
0.0102917, 1.13563, 4.16667e-05, 6, 3, 746425, 3670.35, 49680.6
0.0103333, 1.14023, 4.16667e-05, 6, 3, 747559, 3687.2, 49656.3
0.010375, 1.14483, 4.16667e-05, 6, 4, 748259, 3705.15, 49617.7
0.0104167, 1.14943, 4.16667e-05, 6, 4, 749344, 3723.2, 49578.4
0.0104583, 1.15402, 4.16667e-05, 6, 4, 750688, 3741.21, 49540.4
0.0105, 1.15862, 4.16667e-05, 8, 3, 752970, 3758.76, 49509.4
0.0105417, 1.16322, 4.16667e-05, 5, 3, 753901, 3774.92, 49497.2
0.0105833, 1.16782, 4.16667e-05, 5, 3, 754860, 3791.21, 49483.6
0.010625, 1.17241, 4.16667e-05, 7, 2, 755497, 3806.88, 49478.4
0.0106667, 1.17701, 4.16667e-05, 7, 3, 756673, 3823.85, 49456.7
0.0107083, 1.18161, 4.16667e-05, 6, 3, 757170, 3840.86, 49434.7
0.01075, 1.18621, 4.16667e-05, 6, 3, 758584, 3857.3, 49420.7
0.0107917, 1.1908, 4.16667e-05, 6, 4, 759081, 3875.66, 49382.5
0.0108333, 1.1954, 4.16667e-05, 6, 4, 761076, 3893.86, 49347.1
0.010875, 1.2, 4.16667e-05, 6, 4, 762679, 3912.22, 49310.5
0.0109167, 1.2046, 4.16667e-05, 6, 3, 763694, 3929.33, 49290.1
0.0109583, 1.2092, 4.16667e-05, 6, 3, 764940, 3946.57, 49268.6
0.011, 1.21379, 4.16667e-05, 5, 3, 766011, 3962.94, 49258.4
0.0110417, 1.21839, 4.16667e-05, 5, 3, 766200, 3980.97, 49227.7
0.0110833, 1.22299, 4.16667e-05, 6, 3, 766669, 3998.18, 49207.6
0.011125, 1.22759, 4.16667e-05, 6, 3, 767663, 4015.14, 49190.9
0.0111667, 1.23218, 4.16667e-05, 8, 2, 768405, 4031.91, 49176.9
0.0112083, 1.23678, 4.16667e-05, 7, 4, 769483, 4051.94, 49123.7
0.01125, 1.24138, 4.16667e-05, 7, 4, 769889, 4071.59, 49075.7
0.0112917, 1.24598, 4.16667e-05, 7, 3, 770372, 4089.71, 49046.7
0.0113333, 1.25057, 4.16667e-05, 6, 2, 770981, 4105.95, 49040.4
0.011375, 1.25517, 4.16667e-05, 6, 3, 772703, 4123.34, 49021
0.0114167, 1.25977, 4.16667e-05, 5, 3, 773900, 4140.18, 49008.6
0.0114583, 1.26437, 4.16667e-05, 5, 3, 774523, 4156.73, 48999.8
0.0115, 1.26897, 4.16667e-05, 6, 3, 774824, 4174.24, 48979.8
0.0115417, 1.27356, 4.16667e-05, 6, 3, 775706, 4191.17, 48967
0.0115833, 1.27816, 4.16667e-05, 5, 3, 776077, 4208.01, 48955.6
0.011625, 1.28276, 4.16667e-05, 6, 3, 776231, 4225.58, 48935.7
0.0116667, 1.28736, 4.16667e-05, 5, 3, 777001, 4242.47, 48924
0.0117083, 1.29195, 4.16667e-05, 5, 3, 776896, 4259.17, 48914.6
0.01175, 1.29655, 4.16667e-05, 5, 4, 777463, 4277.27, 48889.3
0.0117917, 1.30115, 4.16667e-05, 6, 3, 778023, 4295.05, 48868.1
0.0118333, 1.30575, 4.16667e-05, 6, 3, 778569, 4313.05, 48844.7
0.011875, 1.31034, 4.16667e-05, 6, 3, 781299, 4330.91, 48823.7
0.0119167, 1.31494, 4.16667e-05, 8, 3, 781656, 4349.42, 48795.6
0.0119583, 1.31954, 4.16667e-05, 6, 3, 782608, 4367.14, 48776.8
0.012, 1.32414, 4.16667e-05, 7, 3, 783728, 4384.94, 48757.6
0.0120417, 1.32874, 4.16667e-05, 6, 3, 784645, 4404.07, 48723.9
0.0120833, 1.33333, 4.16667e-05, 7, 3, 784960, 4422.09, 48702.9
0.012125, 1.33793, 4.16667e-05, 6, 3, 785191, 4439.98, 48683.5
0.0121667, 1.34253, 4.16667e-05, 6, 3, 786346, 4457.64, 48667
0.0122083, 1.34713, 4.16667e-05, 6, 3, 786983, 4475.53, 48648.4
0.01225, 1.35172, 4.16667e-05, 6, 3, 788299, 4493.62, 48627.9
0.0122917, 1.35632, 4.16667e-05, 6, 3, 789734, 4511.54, 48609.8
0.0123333, 1.36092, 4.16667e-05, 6, 3, 790476, 4529.37, 48593
0.012375, 1.36552, 4.16667e-05, 6, 3, 790959, 4547.41, 48574.2
0.0124167, 1.37011, 4.16667e-05, 6, 3, 791624, 4565.41, 48556
0.0124583, 1.37471, 4.16667e-05, 6, 3, 792828, 4583.36, 48538.8
0.0125, 1.37931, 4.16667e-05, 6, 3, 794025, 4601.34, 48521.7
0.0125417, 1.38391, 4.16667e-05, 8, 3, 795866, 4620.24, 48495.5
0.0125833, 1.38851, 4.16667e-05, 7, 3, 797266, 4639.01, 48471.1
0.012625, 1.3931, 4.16667e-05, 6, 3, 797994, 4657.33, 48451.8
0.0126667, 1.3977, 4.16667e-05, 6, 3, 798449, 4675.47, 48434.6
0.0127083, 1.4023, 4.16667e-05, 6, 3, 798813, 4693.55, 48418.3
0.01275, 1.4069, 4.16667e-05, 6, 3, 799569, 4711.8, 48400.3
0.0127917, 1.41149, 4.16667e-05, 7, 3, 802313, 4730.93, 48374.3
0.0128333, 1.41609, 4.16667e-05, 6, 3, 803349, 4749.41, 48355.2
0.012875, 1.42069, 4.16667e-05, 5, 3, 803972, 4767.02, 48345.2
0.0129167, 1.42529, 4.16667e-05, 6, 3, 804875, 4785.41, 48327.6
0.0129583, 1.42989, 4.16667e-05, 6, 3, 805162, 4803.99, 48308.4
0.013, 1.43448, 4.16667e-05, 6, 3, 806324, 4822.31, 48292
0.0130417, 1.43908, 4.16667e-05, 6, 3, 806961, 4841.62, 48266.1
0.0130833, 1.44368, 4.16667e-05, 6, 3, 807612, 4860.22, 48247.5
0.013125, 1.44828, 4.16667e-05, 6, 2, 808375, 4877.42, 48243.1
0.0131667, 1.45287, 4.16667e-05, 6, 3, 809278, 4896.06, 48224.8
0.0132083, 1.45747, 4.16667e-05, 8, 3, 810587, 4915.42, 48199.7
0.01325, 1.46207, 4.16667e-05, 8, 3, 811861, 4934.41, 48178.7
0.0132917, 1.46667, 4.16667e-05, 6, 2, 812169, 4952.52, 48166.6
0.0133333, 1.47126, 4.16667e-05, 6, 3, 813002, 4971.27, 48148.4
0.013375, 1.47586, 4.16667e-05, 6, 3, 813443, 4989.85, 48132.1
0.0134167, 1.48046, 4.16667e-05, 6, 2, 813590, 5007.27, 48127.2
0.0134583, 1.48506, 4.16667e-05, 6, 3, 814724, 5026.74, 48102.9
0.0135, 1.48966, 4.16667e-05, 6, 2, 815305, 5044.24, 48097.6
0.0135417, 1.49425, 4.16667e-05, 6, 3, 815823, 5062.85, 48081.9
0.0135833, 1.49885, 4.16667e-05, 6, 3, 816502, 5081.53, 48065.9
0.013625, 1.50345, 4.16667e-05, 6, 3, 817013, 5100.23, 48049.9
0.0136563, 1.5069, 3.125e-05, 5, 2, 817454, 5117.31, 48049.2
0.0136875, 1.51034, 3.125e-05, 5, 2, 817846, 5134.29, 48049.6
0.0137188, 1.51379, 3.125e-05, 4, 2, 820464, 5150.26, 48059.9
0.01375, 1.51724, 3.125e-05, 5, 2, 820933, 5167.47, 48058.7
0.0137813, 1.52069, 3.125e-05, 4, 2, 821668, 5183.56, 48068
0.0138125, 1.52414, 3.125e-05, 5, 2, 822228, 5200.01, 48074.1
0.0138438, 1.52759, 3.125e-05, 6, 2, 822872, 5216.73, 48077.7
0.013875, 1.53103, 3.125e-05, 5, 2, 823355, 5233.36, 48082.4
0.0139063, 1.53448, 3.125e-05, 5, 2, 823789, 5249.89, 48087.8
0.0139375, 1.53793, 3.125e-05, 5, 2, 824412, 5266.6, 48091.8
0.0139688, 1.54138, 3.125e-05, 5, 2, 824720, 5283.75, 48091.8
0.014, 1.54483, 3.125e-05, 4, 2, 825336, 5299.85, 48101.4
0.0140385, 1.54907, 3.84615e-05, 6, 3, 825602, 5320.24, 48072.2
0.0140769, 1.55332, 3.84615e-05, 5, 3, 826120, 5339.19, 48056.4
0.0141154, 1.55756, 3.84615e-05, 5, 3, 826701, 5357.4, 48047.3
0.0141538, 1.5618, 3.84615e-05, 5, 3, 827520, 5375.53, 48039.2
0.0141923, 1.56605, 3.84615e-05, 7, 3, 829235, 5394.7, 48022.2
0.0142308, 1.57029, 3.84615e-05, 5, 3, 829704, 5412.85, 48014.4
0.0142692, 1.57454, 3.84615e-05, 6, 3, 830607, 5432.03, 47997.8
0.0143077, 1.57878, 3.84615e-05, 6, 3, 831118, 5451.35, 47980.2
0.0143484, 1.58327, 4.0724e-05, 6, 3, 831951, 5470.51, 47964.3
0.0143891, 1.58777, 4.0724e-05, 8, 3, 832812, 5490.53, 47941
0.0144299, 1.59226, 4.0724e-05, 6, 4, 833484, 5511.26, 47911.9
0.0144706, 1.59675, 4.0724e-05, 7, 4, 834177, 5532.34, 47880.2
0.0145113, 1.60125, 4.0724e-05, 6, 3, 834373, 5551.62, 47864.2
0.014552, 1.60574, 4.0724e-05, 6, 3, 834828, 5570.76, 47849.6
0.0145928, 1.61024, 4.0724e-05, 7, 3, 835220, 5590.02, 47834.1
0.0146335, 1.61473, 4.0724e-05, 6, 3, 834975, 5609.37, 47818
0.0146742, 1.61922, 4.0724e-05, 5, 3, 835955, 5628.43, 47804.5
0.0147149, 1.62372, 4.0724e-05, 6, 3, 836970, 5647.95, 47787.6
0.0147557, 1.62821, 4.0724e-05, 6, 3, 838083, 5667.14, 47773.6
0.0147964, 1.6327, 4.0724e-05, 6, 3, 838622, 5686.56, 47758
0.0148371, 1.6372, 4.0724e-05, 6, 4, 839322, 5707.46, 47730.1
0.0148778, 1.64169, 4.0724e-05, 6, 3, 839875, 5727, 47713.9
0.0149186, 1.64619, 4.0724e-05, 5, 3, 840449, 5745.71, 47704.8
0.0149593, 1.65068, 4.0724e-05, 5, 3, 841037, 5764.24, 47697.4
0.015, 1.65517, 4.0724e-05, 7, 3, 841597, 5783.65, 47682.8
0.0150417, 1.65977, 4.16667e-05, 6, 4, 842339, 5805.43, 47649
0.0150833, 1.66437, 4.16667e-05, 7, 4, 843158, 5826.4, 47622.3
0.0151232, 1.66877, 3.98551e-05, 6, 3, 843732, 5845.81, 47608.4
0.015163, 1.67316, 3.98551e-05, 6, 3, 844957, 5865.4, 47593.5
0.0152029, 1.67756, 3.98551e-05, 6, 3, 845804, 5884.99, 47578.8
0.0152428, 1.68196, 3.98551e-05, 6, 3, 846840, 5904.56, 47564.5
0.0152826, 1.68636, 3.98551e-05, 6, 3, 847883, 5924.15, 47550.3
0.0153225, 1.69075, 3.98551e-05, 7, 3, 848709, 5943.73, 47536.5
0.0153623, 1.69515, 3.98551e-05, 7, 4, 849374, 5965.8, 47503
0.0154022, 1.69955, 3.98551e-05, 5, 3, 850200, 5984.66, 47495.4
0.015442, 1.70395, 3.98551e-05, 5, 3, 850592, 6004.03, 47483.8
0.0154819, 1.70835, 3.98551e-05, 5, 3, 851145, 6023.44, 47472.1
0.0155217, 1.71274, 3.98551e-05, 7, 3, 852020, 6043.27, 47457.3
0.0155616, 1.71714, 3.98551e-05, 6, 4, 852671, 6064.44, 47432.2
0.0156014, 1.72154, 3.98551e-05, 6, 3, 854526, 6084.23, 47418.4
0.0156413, 1.72594, 3.98551e-05, 6, 3, 855751, 6104.33, 47402.5
0.0156812, 1.73033, 3.98551e-05, 6, 3, 856262, 6124.29, 47387.8
0.015721, 1.73473, 3.98551e-05, 6, 3, 857536, 6144.26, 47373.3
0.0157609, 1.73913, 3.98551e-05, 6, 4, 857935, 6165.8, 47347
0.0158007, 1.74353, 3.98551e-05, 6, 3, 858285, 6185.93, 47331.6
0.0158406, 1.74793, 3.98551e-05, 6, 3, 858649, 6205.64, 47319.7
0.0158804, 1.75232, 3.98551e-05, 5, 3, 859083, 6225.27, 47308.5
0.0159203, 1.75672, 3.98551e-05, 5, 3, 859636, 6244.38, 47301.4
0.0159601, 1.76112, 3.98551e-05, 5, 3, 860203, 6263.31, 47295.8
0.016, 1.76552, 3.98551e-05, 6, 3, 861792, 6283.08, 47284.1
0.0160417, 1.77011, 4.16667e-05, 7, 4, 862856, 6305.94, 47249.5
0.0160833, 1.77471, 4.16667e-05, 6, 3, 863738, 6325.97, 47236.4
0.016125, 1.77931, 4.16667e-05, 5, 4, 864375, 6346.58, 47219.2
0.0161667, 1.78391, 4.16667e-05, 5, 3, 865194, 6365.66, 47213.6
0.0161987, 1.78744, 3.20513e-05, 7, 2, 865789, 6384.33, 47211.2
0.0162308, 1.79098, 3.20513e-05, 5, 2, 865726, 6402.2, 47214.6
0.0162642, 1.79467, 3.34448e-05, 5, 2, 866286, 6419.99, 47218.7
0.0162977, 1.79836, 3.34448e-05, 5, 2, 867049, 6437.86, 47222.3
0.0163328, 1.80224, 3.51171e-05, 5, 3, 867917, 6457.18, 47215.5
0.0163679, 1.80611, 3.51171e-05, 5, 3, 868372, 6477.16, 47203.8
0.016403, 1.80999, 3.51171e-05, 6, 3, 869177, 6497.35, 47191
0.0164381, 1.81386, 3.51171e-05, 5, 3, 870297, 6517.44, 47179
0.0164756, 1.818, 3.74582e-05, 7, 3, 871501, 6537.76, 47165.7
0.016513, 1.82213, 3.74582e-05, 6, 3, 871893, 6558.27, 47151.2
0.0165505, 1.82626, 3.74582e-05, 5, 3, 872544, 6578.4, 47139.5
0.016588, 1.8304, 3.74582e-05, 6, 3, 873405, 6599.06, 47124.3
0.0166254, 1.83453, 3.74582e-05, 8, 3, 874679, 6620.41, 47104.4
0.0166629, 1.83866, 3.74582e-05, 6, 3, 875232, 6640.89, 47090.9
0.0167003, 1.8428, 3.74582e-05, 6, 3, 875953, 6661.35, 47077.8
0.0167378, 1.84693, 3.74582e-05, 7, 3, 876660, 6681.8, 47064.9
0.0167753, 1.85106, 3.74582e-05, 6, 3, 878116, 6702.31, 47051.9
0.0168127, 1.8552, 3.74582e-05, 6, 3, 878732, 6723.42, 47034.8
0.0168502, 1.85933, 3.74582e-05, 5, 3, 879999, 6744.24, 47020.2
0.0168876, 1.86346, 3.74582e-05, 5, 3, 880741, 6763.92, 47013.6
0.0169251, 1.8676, 3.74582e-05, 7, 3, 881315, 6784.53, 47000.7
0.0169625, 1.87173, 3.74582e-05, 6, 3, 882204, 6805.24, 46987.3
0.017, 1.87586, 3.74582e-05, 5, 3, 882876, 6824.7, 46982.6
0.0170385, 1.88011, 3.84615e-05, 7, 3, 883632, 6846.84, 46959.8
0.0170769, 1.88435, 3.84615e-05, 7, 3, 884066, 6867.61, 46946.5
0.0171154, 1.88859, 3.84615e-05, 7, 3, 884479, 6888.32, 46933.7
0.0171538, 1.89284, 3.84615e-05, 7, 3, 885634, 6909.11, 46920.7
0.0171891, 1.89673, 3.52564e-05, 6, 4, 886845, 6931.37, 46897.9
0.0172244, 1.90062, 3.52564e-05, 6, 2, 887482, 6950.6, 46895.9
0.0172613, 1.90469, 3.69353e-05, 5, 2, 887629, 6968.89, 46900.2
0.0172982, 1.90877, 3.69353e-05, 6, 2, 888063, 6988.26, 46897.2
0.0173352, 1.91285, 3.69353e-05, 6, 2, 888490, 7007.65, 46894.3
0.0173721, 1.91692, 3.69353e-05, 7, 3, 889001, 7029.51, 46874.9
0.017409, 1.921, 3.69353e-05, 8, 3, 889876, 7051.33, 46856.1
0.0174438, 1.92483, 3.47626e-05, 5, 3, 890317, 7071.13, 46850.8
0.0174809, 1.92892, 3.70801e-05, 6, 3, 890751, 7092.14, 46837.6
0.017518, 1.93302, 3.70801e-05, 6, 3, 891087, 7112.94, 46825.9
0.017555, 1.93711, 3.70801e-05, 5, 3, 891521, 7132.51, 46822.4
0.0175921, 1.9412, 3.70801e-05, 5, 3, 891899, 7153.1, 46812.3
0.0176292, 1.94529, 3.70801e-05, 5, 3, 892228, 7173.81, 46801.6
0.0176663, 1.94938, 3.70801e-05, 5, 3, 893194, 7194.08, 46793.8
0.0177034, 1.95347, 3.70801e-05, 6, 3, 894867, 7215.1, 46781.5
0.0177404, 1.95757, 3.70801e-05, 5, 3, 895721, 7235.31, 46774.7
0.0177775, 1.96166, 3.70801e-05, 5, 3, 896505, 7255.13, 46770.4
0.0178146, 1.96575, 3.70801e-05, 5, 3, 897058, 7275.3, 46764.1
0.0178517, 1.96984, 3.70801e-05, 5, 3, 897541, 7295.65, 46756.7
0.0178888, 1.97393, 3.70801e-05, 5, 3, 898213, 7315.58, 46752
0.0179258, 1.97802, 3.70801e-05, 5, 3, 898129, 7336.12, 46743.6
0.0179629, 1.98212, 3.70801e-05, 5, 3, 898304, 7356.5, 46736.2
0.018, 1.98621, 3.70801e-05, 6, 3, 898668, 7377.5, 46725
0.01804, 1.99062, 4e-05, 6, 3, 899634, 7400.33, 46702.4
0.01808, 1.99503, 4e-05, 6, 3, 900299, 7421.59, 46689.9
0.01812, 1.99945, 4e-05, 7, 5, 901125, 7446.84, 46652.6
0.01816, 2.00386, 4e-05, 7, 4, 901538, 7470.76, 46623.9
0.0182, 2.00828, 4e-05, 6, 4, 902441, 7493.57, 46602.4
0.01824, 2.01269, 4e-05, 6, 4, 903638, 7516.59, 46579.9
0.01828, 2.0171, 4e-05, 6, 3, 904212, 7537.84, 46568.5
0.01832, 2.02152, 4e-05, 5, 2, 904814, 7556.49, 46573.4
0.01836, 2.02593, 4e-05, 6, 2, 905297, 7576.51, 46569.8
0.0184, 2.03034, 4e-05, 5, 2, 905822, 7595.4, 46573.2
0.01844, 2.03476, 4e-05, 6, 3, 907642, 7617.47, 46557.5
0.01848, 2.03917, 4e-05, 5, 2, 908342, 7636.35, 46561.3
0.01852, 2.04359, 4e-05, 6, 2, 909455, 7656.13, 46559.8
0.01856, 2.048, 4e-05, 5, 2, 910295, 7675.02, 46563.8
0.0186, 2.05241, 4e-05, 5, 2, 910813, 7693.67, 46569.3
0.01864, 2.05683, 4e-05, 6, 2, 911464, 7713.37, 46568.5
0.01868, 2.06124, 4e-05, 6, 2, 912416, 7732.42, 46571.8
0.01872, 2.06566, 4e-05, 6, 2, 913501, 7752.49, 46569.1
0.01876, 2.07007, 4e-05, 6, 2, 913949, 7772.58, 46566.3
0.0188, 2.07448, 4e-05, 5, 2, 914369, 7791.36, 46571.4
0.01884, 2.0789, 4e-05, 5, 2, 915251, 7810.24, 46576
0.01888, 2.08331, 4e-05, 5, 2, 915832, 7829.1, 46580.8
0.01892, 2.08772, 4e-05, 5, 2, 916175, 7848.02, 46585.2
0.01896, 2.09214, 4e-05, 4, 2, 916021, 7865.83, 46596.2
0.019, 2.09655, 4e-05, 5, 2, 916518, 7889.49, 46572.6
0.0190417, 2.10115, 4.16667e-05, 5, 2, 917057, 7913.29, 46548.5
0.0190833, 2.10575, 4.16667e-05, 5, 2, 917022, 7934.4, 46540.2
0.019125, 2.11034, 4.16667e-05, 5, 2, 917442, 7955.17, 46534
0.0191667, 2.11494, 4.16667e-05, 6, 2, 917820, 7977.28, 46520.1
0.0192083, 2.11954, 4.16667e-05, 6, 2, 918219, 7998.83, 46509.6
0.01925, 2.12414, 4.16667e-05, 6, 2, 918821, 8020.97, 46495.7
0.0192917, 2.12874, 4.16667e-05, 8, 2, 919213, 8043.8, 46478
0.0193333, 2.13333, 4.16667e-05, 6, 2, 920109, 8065.66, 46466.2
0.019375, 2.13793, 4.16667e-05, 6, 2, 921243, 8087.28, 46455.8
0.0194167, 2.14253, 4.16667e-05, 6, 2, 922286, 8109.23, 46443.8
0.0194583, 2.14713, 4.16667e-05, 6, 2, 922643, 8130.19, 46437.5
0.0195, 2.15172, 4.16667e-05, 6, 2, 923329, 8153.34, 46419
0.0195417, 2.15632, 4.16667e-05, 5, 2, 923987, 8175.84, 46404.2
0.0195833, 2.16092, 4.16667e-05, 5, 2, 924463, 8197.05, 46396.9
0.019625, 2.16552, 4.16667e-05, 6, 2, 924890, 8219.42, 46383.2
0.0196667, 2.17011, 4.16667e-05, 6, 2, 925604, 8241.94, 46368.7
0.0197083, 2.17471, 4.16667e-05, 5, 2, 926409, 8263.74, 46358.6
0.01975, 2.17931, 4.16667e-05, 5, 2, 926990, 8284.49, 46354.3
0.0197917, 2.18391, 4.16667e-05, 6, 2, 927564, 8305.49, 46348.8
0.0198333, 2.18851, 4.16667e-05, 5, 2, 928075, 8327.02, 46340.4
0.019875, 2.1931, 4.16667e-05, 6, 2, 928425, 8354.06, 46301.6
0.0199167, 2.1977, 4.16667e-05, 5, 2, 929307, 8373.3, 46306.2
0.0199583, 2.2023, 4.16667e-05, 5, 2, 930063, 8393, 46308.3
0.02, 2.2069, 4.16667e-05, 5, 2, 930651, 8412.3, 46312.7
